{
    "rouge_score": 0.6757762325095538,
    "cosine_similarity": 0.9165642023449991,
    "bert_score_f1": 0.7442509021640309,
    "final_score": 0.8131762222364182,
    "grade": "B (Good)"
}