{
    "rouge_score": 0.37677794197569453,
    "cosine_similarity": 0.8668916351921685,
    "bert_score_f1": 0.6040143109149523,
    "bleu": 0.13778653193917256,
    "meteor": 0.3392802051357968,
    "levenshtein": 0.40295693027286245,
    "final_score": 0.6020982505122802,
    "grade": "D (Below Average)"
}